#{"t_start": 1644222749.410566, "env_id": "ShelfEnvironmentPositioningURSim-v0"}
r,l,t
220.205016,81,16.559645
223.745012,97,32.938323
26.042764,100,52.819121
222.686189,81,69.337294
223.496017,89,86.734731
224.071367,82,105.101451
25.595218,100,128.416936
222.885272,83,147.639526
231.609856,96,166.471727
22.417961,100,187.156167
219.437093,81,205.251425
22.94585,100,226.829646
24.159742,100,248.465904
25.811096,100,277.099648
24.705207,100,298.849393
219.565245,83,316.154515
